ticket_id,created_at,product,team,title,description,type,priority,severity,channel,reporter_type,customer_tier,intake_component,reassignment_count,team_path,resolution,resolution_hours
TKT-000938,2023-01-01 20:58:16,Atlas,Notifications & Messaging,Cannot unsubscribe bounce,"During peak traffic, the digest is batched with stale content. Users miss time-sensitive alerts. The notification should arrive within a minute.",bug,P2,S2,chat,internal,pro,Infra,0,Notifications & Messaging,resolved,30.0
TKT-012442,2023-01-05 09:08:56,Beacon,Mobile Apps,Cannot launch in the mobile app,"After the OTA update, the app crashes in the background. The store rating is afffected. Offline changes shoulld sync on reconnect.",incident,P3,S3,web,customer,free,Mobile,0,Mobile Apps,resolved,48.4
TKT-000641,2023-01-06 04:45:17,Ember,Onboarding & Accounts,The page is not working,We see errors across Ember and cannot narrow it down further. Please route to the right team.,question,P1,S1,web,customer,pro,Accounts,0,Onboarding & Accounts,wontfix,15.9
TKT-015536,2023-01-30 00:31:15,Delve,Notifications & Messaging,Cannot throttle eail notification,"On Delve, the template variables are blank. Users miss time-sensitive alerts. The webhook should be retried on failure.",question,P3,S3,chat,internal,enterprise,Security,0,Notifications & Messaging,resolved,128.2
TKT-019705,2023-02-02 21:12:33,Delve,Reporting & Analytics,Cannot schedule aggregation,A customer reports that the same event is counted twice. Executives see inconsistent KPIs. Timzones should be applied consistently.,bug,P4,S3,web,automated,free,Analytics,0,Reporting & Analytics,resolved,203.4
TKT-010353,2023-02-06 21:46:02,Cohort,Security & Compliance,Cohort autoscaling group is flapping,"At peak traxfic, the autoscaling group is flapping. The service is partially degraded. The deployment should roll out within ten minutes.",bug,P3,S2,chat,customer,free,Infra,0,Infrastructure & DevOps,resolved,108.8
TKT-012341,2023-02-11 13:44:09,Atlas,Security & Compliance,SSO: user profile never arrives,Users report that the MFA prompt never appears. Users cannot access their accounts. The session should persist until logout.,bug,P4,S3,api,internal,free,Identity,0,Auth & Identity,resolved,309.0
TKT-014527,2023-02-15 08:25:07,Delve,Data Platform,Data: backfill duplicates rows,The pipeline reports that the connector commits offsets too early. Customers see incorrect history. Late events should be deduplicated.,dispute,P4,S3,email,customer,enterprise,Accounts,0,Data Platform,resolved,486.8
TKT-018972,2023-02-16 18:06:12,Beacon,Auth & Identity,Cannot log in with password reset on Beacon,Users report that the OAuth callback drops the state parameter. An entire tenant is locked out. The session should persist until logout.,bug,P2,S2,web,internal,pro,Identity,1,Security & Compliance>Auth & Identity,resolved,19.2
TKT-008261,2023-02-17 10:55:06,Beacon,Mobile Apps,Cannot launch in the mobile app,"On a Pixel 8, the biometric prompt never resolves. Users cannot use the app offline. The app should launch within two seconds.",feature_request,P3,S3,api,customer,pro,Mobile,0,Mobile Apps,resolved,69.2
TKT-002609,2023-04-28 05:53:48,Ember,Payments & Billing,Billing address error on Ember,A customer reports that the amount charged does not match the order. Support is receiving a spike in billing complaints. The renewal should not double-charge.,incident,P3,S2,web,customer,free,Billing,2,Onboarding & Accounts>Triage>Payments & Billing,resolved,179.5
TKT-010845,2023-06-05 13:11:25,Atlas,Auth & Identity,Session token is rejected as invalid,"For SSO tenants, users are bounced back to the sign-in screen. Support volume spikes during login. MFA should accept the current TOTP codde.",bug,P3,S3,chat,internal,free,Identity,3,Onboarding & Accounts>Triage>Auth & Identity,resolved,41.3
TKT-001521,2023-06-21 01:19:41,Delve,API & Integrations,API: SDK times out,A partner intrgration reports that the scope is missing from the token. Clients cannot sync their data. The endpoint should accept the documented payload. Error: 500 Internal Server Error on GET /v1/resource.,bug,P1,S1,api,customer,free,Analytics,3,Data Platform>Triage>API & Integrations,resolved,3.3
TKT-000477,2023-06-23 12:06:02,Cohort,Search & Discovery,Saved search duplicate the same document after reindex,"When searching for a known term, the saved search duplicate the same document. Discovery conversion drops. Filters should persist across pages. Error: ES_QUERY_TIMEOUT.",bug,P4,S3,web,customer,pro,Search,3,Web Frontend>Triage>Search & Discovery,resolved,314.8
TKT-007621,2023-07-26 05:16:10,Delve,API & Integrations,Third-party connector hits the rate limit too early for new keys,A partner integration reports that the scope is missing from the token. Clients cannot sync their data. The rate limit should match the published plan.,bug,P2,S2,email,customer,free,API,3,Data Platform>Triage>API & Integrations,resolved,23.6
TKT-017936,2023-07-26 21:19:05,Atlas,Payments & Billing,Stays stuck in pending while trying to download chargeback,"In the billing portal, the proration credit is applied incorrectly. Revenue is blocked for the affected accounts. The coupon should apply before tax.",bug,P4,S4,api,customer,free,API,0,Payments & Billing,resolved,233.6
TKT-009458,2023-07-31 13:52:02,Atlas,Search & Discovery,Cannot filter autocomplete suggestions,"For large tenants, the filter is dropped after pagination. Users cannot find relevant content. Results should match the query terms.",question,P3,S4,email,customer,pro,Search,0,Search & Discovery,worksforme,158.2
TKT-014742,2023-08-01 03:04:15,Cohort,Reporting & Analytics,Cohort funnel report is missing recent data,"After a timezone change, the rollup is off by one day. Executives see inconsistent KPIs. Timezones should be applied consistently.",bug,P2,S2,email,automated,free,Analytics,0,Reporting & Analytics,resolved,37.8
TKT-009226,2023-08-04 08:54:06,Cohort,Infrastructure & DevOps,Log pipeline is flapping during peak hours,"In the production cluster, the pod is OOMKilled evey few minutes. Releases are blocked. Alerts should page only on real incidents. Error: OOMKilled.",incident,P2,S2,email,customer,free,Messaging,0,Infrastructure & DevOps,resolved,57.8
TKT-017415,2023-08-19 03:22:49,Atlas,Auth & Identity,Session token fails intermittently,"ON THE ATLAS SIGN-IN PAGE, THE MFA PROMPT NEVER APPEARS. SUPPMRT VOLUME SPIKES DURING LOGIN. THE RESET EMAIL SHOULD ARRIVE WITHIN A MINUTE. ERROR: 401 UNAUTHORIZED ON /OAUTH/TOKEN.",feature_request,P3,S3,chat,customer,enterprise,API,0,Auth & Identity,resolved,150.4
TKT-002588,2023-08-27 02:52:38,Atlas,Auth & Identity,Link loop with email verification,Users report that the OAuth callback drops the state parzmeter. Users cannot access their accounts. The reset email should arrive within a minute. Error: invalid_grant.,feature_request,P2,S2,chat,customer,free,Identity,1,Security & Compliance>Auth & Identity,resolved,62.4
TKT-005931,2023-08-29 06:13:15,Ember,Web Frontend,Settings screen throws a console error in Ember,"In Chrome and Safari, the settijgs screen throws a console error. The page feels broken on Safari. The layout should stay responsive.",incident,P3,S3,web,customer,enterprise,Frontend,0,Web Frontend,resolved,44.2
TKT-005903,2023-09-14 12:05:54,Atlas,Notifications & Messaging,Cannot templatize unsubscribe link,"After a teplate change, the webhook fires without a signature. Compliance requires a working unsubscribe link. Preferences should be honored per channel.",incident,P4,S4,email,customer,free,Messaging,0,Notifications & Messaging,resolved,384.4
TKT-005405,2023-09-15 00:38:59,Beacon,Notifications & Messaging,Delivery receipt arrives hours late on Beacon,Recipients report that the webhook fires without a signature. Users miss time-sensitive alerts. Preferences should be honored per channel.,bug,P3,S3,email,internal,free,Messaging,1,Web Frontend>Notifications & Messaging,resolved,206.1
TKT-008177,2023-09-16 23:12:17,Ember,Payments & Billing,Cannot renew billing address on Ember,"In the billing portal, the billing address fails silently. Customers chnnot complete purchases. The renewal should not double-charge.",bug,P3,S2,email,customer,free,Billing,0,Payments & Billing,worksforme,195.3
TKT-013787,2023-09-26 07:37:30,Delve,Reporting & Analytics,Delve dashboard chart is out of date,"When comparing periods, the export times out for large ranges. Executives see inconsistent KPIs. Timezones should be applied consistently.",question,P3,S3,email,customer,pro,API,0,Reporting & Analytics,resolved,72.1
TKT-008619,2023-09-29 09:27:40,Atlas,Onboarding & Accounts,Team roles never sends the invite for new users,"During signup, the workspace slug collides with an exitsing one. Teams cannot get started. Imports should complete or fail fast.",bug,P3,S3,web,internal,pro,Search,3,Payments & Billing>Triage>Onboarding & Accounts,resolved,173.2
TKT-000491,2023-10-15 22:56:35,Beacon,Infrastructure & DevOps,Secret rotation is stuck in CrashLoopBackOff,"AT PEAK TRAFFC, THE SECRET ROTATION IS STUCK IN CRASHLOOPBACKOFF. LATENCY SLOS ARE BREACHED. PODS SHOULD SURVIVE A MEMORY SPIKE.",bug,P4,S3,email,internal,free,Infra,3,Data Platform>Triage>Infrastructure & DevOps,duplicate,218.7
TKT-009268,2023-10-27 22:34:38,Delve,Reporting & Analytics,Metric definition fails to export for last month,"After a timezone change, the same event is counted twice. Customers distrust the numbers. Timezones should be applied consistently. Erorr: tz_mismatch_in_rollup.",bug,P4,S4,web,customer,enterprise,Analytics,3,Data Platform>Triage>Reporting & Analytics,resolved,393.8
TKT-007213,2023-11-26 13:35:06,Atlas,Web Frontend,Data table freezes the tab,"After the redesign, the focus ring is invisible. Users cannot complete the workflow. The layout should stay responsive.",bug,P2,S2,web,customer,free,Frontend,0,Web Frontend,resolved,7.9
TKT-004476,2023-11-27 18:27:42,Beacon,Auth & Identity,SSO login does not persist across tabs for enterprise users,"Intermittently, the SSO login does not persist across tabs. Users caannot access their accounts. The session should persist until logout. Error: session_expired.",bug,P3,S2,chat,customer,free,Search,0,Auth & Identity,resolved,116.9
TKT-001616,2023-12-16 12:22:13,Ember,API & Integrations,REST endpoint silently truncates for new keys,"After the schema change, the payload is rejected for a valid date format. The API becoomes unusable at scale. The rate limit should match the published plan.",bug,P4,S4,email,customer,free,Messaging,0,API & Integrations,worksforme,103.6
TKT-007941,2023-12-19 15:12:14,Atlas,Mobile Apps,Permissions prompt crashes on launch,"After the OTA updtae, offline changes are lost on reconnect. Users cannot use the app offline. Offline changes should sync on reconnect.",incident,P3,S2,chat,internal,free,Mobile,0,Mobile Apps,resolved,180.8
TKT-005031,2023-12-22 12:32:03,Atlas,Web Frontend,Navigation menu misaligns after resize on small screens,Users report that the table overflows its container. Accessibility checks fail. The layout should stay responsive. Error: ChunkLoadError.,bug,P3,S3,web,customer,pro,Frontend,3,Search & Discovery>Triage>Web Frontend,resolved,24.6
TKT-010608,2024-01-01 19:20:57,Atlas,Security & Compliance,Audit log fails the audit after the review,The security team reports that the key has not rotated in 400 days. PII is exposed in an export. The audit log should be complete and immutable.,feature_request,P2,S2,email,customer,pro,Security,0,Security & Compliance,resolved,49.1
TKT-016529,2024-01-09 22:58:23,Atlas,Infrastructure & DevOps,Atlas production deployment fails during rollout,On-call reports that the production deployment fails during rollout. Latency SLOs are breached. The deployment should roll out within ten minutes. Error: healthcheck_timeout.,feature_request,P3,S3,chat,internal,free,Infra,0,Infrastructure & DevOps,resolved,189.3
TKT-002464,2024-01-13 11:48:01,Delve,Reporting & Analytics,Cannot schedule attribution model,a customer reports that the same event is counted twice. customers distrust the numbers. the chart should match the raw events. error: tz_mismatch_in_rollup.,bug,P3,S3,chat,customer,pro,Analytics,0,Reporting & Analytics,resolved,86.0
TKT-018149,2024-01-22 07:30:17,Ember,Onboarding & Accounts,Trial setup is confusing on Ember,"On the Ember onboarding wizard, the workspace slug collides with an existing one. Teeams cannot get started. Signup should create exactly one workspace.",question,P3,S3,web,customer,pro,Accounts,0,Onboarding & Accounts,resolved,67.4
TKT-005013,2024-01-24 09:38:23,Atlas,Notifications & Messaging,Schedule does not deliver push notiifcation,Recipients report that the push notification is sent twice. Transactional messages are lost. The notification should arrive within a munute.,question,P4,S3,web,customer,enterprise,API,0,Notifications & Messaging,resolved,489.1
TKT-006657,2024-02-02 21:26:33,Atlas,Payments & Billing,Chargeback is not applied at checkout during checkot,"Since this morning, they cannot complete the purchase. Support is receiving a spike in billing complaints. The coupon should apply before tax.",bug,P4,S3,email,customer,pro,Search,0,Payments & Billing,resolved,340.7
TKT-001219,2024-02-25 22:03:42,Atlas,Mobile Apps,Atlas mobile: Android release fails on Android 14,"After the OTA update, the biometric prompt never resoles. Crash-free sessions drop. The app should launch within two seconds.",feature_request,P3,S3,chat,customer,pro,Mobile,0,Mobile Apps,wontfix,209.3
TKT-001179,2024-03-05 02:48:00,Atlas,Mobile Apps,Permissions prompt shows a blank screen,Testers report that the deep link opens the wrong screen. Crash-free sessions drop. Offline changes should sync on reconnect.,bug,P3,S3,chat,customer,pro,Mobile,0,Mobile Apps,duplicate,192.7
TKT-016546,2024-03-08 23:12:50,Delve,Security & Compliance,Delve SSO enforcement blocks legitimate users,"On Delve, the scan flags a known false positive. PII is exposed in an export. Exports should mask personal data. Error: allowlist_block.",question,P4,S4,web,customer,free,Identity,0,Security & Compliance,resolved,443.6
TKT-003139,2024-03-09 05:32:17,Delve,Data Platform,Data: partition corrupts the partition,"After adding a new connector, the connector commits offsets too early. Customers see incorrect history. The job should process within the SLA window.",bug,P4,S3,chat,customer,free,Data,0,Data Platform,resolved,444.8
TKT-014393,2024-03-10 08:30:12,Beacon,Notifications & Messaging,In-app message contains the wrong variables on Beacon,"Since the last campain, the digest is batcheed with stale content. Transactional messages are lost. The webhook should be retried on failure. Error: push_token_invalid.",bug,P3,S3,web,customer,free,Messaging,2,Web Frontend>Triage>Notifications & Messaging,resolved,138.3
TKT-016910,2024-03-19 04:08:54,Atlas,Mobile Apps,APP IS REJECTED BY REVIEW ON ATLAS,"In the Atlas mobile app, the permissiosn prompt is rjeected by review. Users cannot use the app offline. The deep link should open the target screen. Error: SIGABRT in MaiActivity.",bug,P3,S3,web,customer,pro,Mobile,0,Mobile Apps,resolved,59.3
TKT-010164,2024-03-20 15:29:41,Beacon,Mobile Apps,Cannot upload in the mobile app,"On the latest iOS release, the app store listing shows a blank screen. The store rating is affected. The deep link should open the target screen.",bug,P2,S2,chat,customer,pro,Billing,0,Mobile Apps,resolved,53.3
TKT-018563,2024-03-31 11:15:59,Delve,Data Platform,Schema migration fails on schema change on Delve,"Since the schema migration, the new column is not backfilled. Data quality chcks fail. Late events should be deduplicated.",feature_request,P3,S2,web,customer,pro,Data,2,API & Integrations>Triage>Data Platform,resolved,144.0
TKT-018681,2024-04-01 19:11:03,Ember,Payments & Billing,the page is not working,The behavior on Ember is inconsistent and we are not sure which team should look at it.,incident,P4,S4,email,customer,enterprise,Billing,0,Payments & Billing,resolved,233.2
TKT-009489,2024-04-08 11:09:37,Cohort,Search & Discovery,Saved search duplicate the same document,"When searching for a known term, the query is tokenized incorrectly. Support gets repeated cannot-find tickets. Filters should persist across pages. Error: index_lag_exceeded.",bug,P2,S2,chat,customer,pro,Search,0,Search & Discovery,resolved,44.9
TKT-009474,2024-04-09 06:16:31,Atlas,Auth & Identity,Identity provider error on Atlas,users report that the reset link points to an expired page. security is at risk for affected users. the token should refresh silently. error: 401 unauthorized on /oauth/token.,bug,P2,S2,api,internal,enterprise,Identity,1,Security & Compliance>Auth & Identity,resolved,57.8
TKT-012591,2024-04-12 21:38:23,Cohort,Data Platform,Data: data waehouse table stalls without alerting,"After adding a new connector, the consumer lag keeps growing. Data quality checks fail. The schema change should be backward compatible.",bug,P3,S3,api,customer,free,Billing,0,Data Platform,resolved,147.1
TKT-005609,2024-04-17 02:08:10,Cohort,Web Frontend,Cohort daata table overlaps on mobile,"On a 13-inch laptop, the laayout breaks below 768px. Accessibility checks fail. The layout should stay responsive. Error: Uncaught TypeError: cannto read properties of undeffined.",bug,P4,S3,api,customer,pro,Mobile,3,Search & Discovery>Triage>Web Frontend,resolved,234.1
TKT-001710,2024-04-26 21:14:43,Atlas,Auth & Identity,User profile expires too early,"Intermittently, the token is revoked mid-session. An entire tenant is locked out. The token should refresh silently.",incident,P3,S2,web,customer,free,Identity,1,Security & Compliance>Auth & Identity,resolved,207.1
TKT-015903,2024-05-13 14:00:58,Delve,API & Integrations,API: OAuth scope rejects valid payloads,"When calling the Delve API, the response truncates large arrays. Clients cannot sync their data. The endpoint should accept the documented payload.",dispute,P4,S4,email,customer,pro,API,0,API & Integrations,resolved,247.9
TKT-012371,2024-05-14 00:53:29,Cohort,Infrastructure & DevOps,CI pipeline leaks memory during peak hours,On-call reports that the pod is OOMKilled every few minutes. The service is partially degraded. Pods should survive a memory spike.,bug,P3,S2,chat,customer,free,Infra,3,Security & Compliance>Triage>Infrastructure & DevOps,resolved,213.8
TKT-007550,2024-05-28 00:55:21,Atlas,Onboarding & Accounts,SSO login error on Atlas,"On the Atlas sign-in page, the reset link points to an expired page. Users cannot access their accuonts. The session should persist until logout.",feature_request,P3,S3,api,customer,free,Messaging,0,Auth & Identity,resolved,182.8
TKT-006935,2024-06-22 11:18:43,Atlas,Onboarding & Accounts,Atlas welcome tour loses the entered data,"When creating a workspace, the invite token is already expired. Teams cannot get started. Signup should create exactly one workspace.",bug,P3,S3,api,customer,pro,Accounts,0,Onboarding & Accounts,resolved,122.8
TKT-009971,2024-06-23 08:54:55,Atlas,Web Frontend,Cannot resize from theme toggle,"When the viewport is narrow, the layout breaks below 768px. The page feels broken on Safari. The modal should trap focus.",feature_request,P2,S1,email,customer,free,Accounts,0,Web Frontend,resolved,34.0
TKT-010716,2024-07-11 03:55:22,Atlas,Payments & Billing,Disappears after an upgrade while trying to retry checkout session,"Since this morning, the dunning email is never sent. Supoprt is receiving a spike in billing complaints. The cuopon should apply before tax. Error: 500 on PuST /v1/payments/charge.",bug,P2,S2,email,internal,pro,Billing,1,API & Integrations>Payments & Billing,duplicate,15.8
TKT-006426,2024-08-08 08:34:20,Cohort,Infrastructure & DevOps,Request failed,This is blocking our team on Cohort. We need an update today.,bug,P1,S1,api,customer,pro,Infra,0,Infrastructure & DevOps,resolved,7.3
TKT-017804,2024-08-08 15:56:50,Atlas,Search & Discovery,Search: index show stale entries,"After the reindex, the index show stale entries. Discovery conversion drops. New documents should appear within minutes. Eror: tokenizer_mismatch.",bug,P3,S3,web,internal,enterprise,Billing,0,Search & Discovery,resolved,209.5
TKT-012989,2024-08-16 22:48:00,Ember,Web Frontend,Theme toggle freezes the tab on small screens,"When the viewport is narrow, the focus ring is invisible. The page feels broken on Safari. The layout should stay responsive.",bug,P4,S4,web,customer,pro,Search,0,Web Frontend,resolved,324.0
TKT-000755,2024-08-19 07:17:21,Beacon,Infrastructure & DevOps,Sacret rotalion fails during rollout during peak hours,"After the autoscaling event, the deployment stalls at the health check. Releases are blocked. Alerts should page onyl on real incidents. Error: Terrafcrm state lock.",bug,P4,S3,email,customer,free,Infra,2,Data Platform>Triage>Infrastructure & DevOps,resolved,327.9
TKT-010409,2024-08-27 14:26:02,Cohort,Search & Discovery,Search: filters show stale entries,"when searching for a known term, the index is behind by hours. discovery conversion drops. results should match the query terms.",question,P4,S4,web,customer,free,Frontend,0,Search & Discovery,resolved,341.4
TKT-005608,2024-09-01 16:27:42,Ember,API & Integrations,Cannot migrate via rate limit,"In the sandbox environment, the response truncates large arrays. Parter integrations break. The rate limit should match the published plan.",incident,P3,S2,web,internal,free,API,0,API & Integrations,resolved,117.4
TKT-005286,2024-09-01 22:56:07,Atlas,Search & Discovery,Filter returns wrong saved search,"WHEN SEARCHING FOR A KNOWN TERM, THE FILTER IS DROPPED AFTER PAGINATION. USERS CANNOT FIND RELEVANT CONTENT. RESULTS SHOULD MATCH THE QUERY TERMS.",bug,P4,S3,web,customer,free,Search,0,Search & Discovery,resolved,252.6
TKT-007143,2024-09-16 18:34:40,Cohort,Web Frontend,Index show stale entries on Cohort,"After the reindex, the index is behind by hours. Discovery conversion drops. New documents should appear within minutes. Error: tokenizer_mismatch.",bug,P1,S1,web,customer,free,Search,0,Search & Discovery,resolved,12.3
TKT-010430,2024-10-28 07:44:26,Cohort,Web Frontend,cannot export from modal dialog,Users report that the table overflows its container. Accessibility checks fail. Input should persist across navigation.,bug,P4,S3,web,customer,enterprise,Mobile,0,Web Frontend,resolved,157.5
TKT-001604,2024-10-31 10:07:45,Ember,Payments & Billing,Cannot renew chargeback on Ember,"For enterprise accounts, the chargeback never arrives. Support is receiving a spike in billing complains. The coupon should apply before tax.",question,P3,S3,web,customer,free,Billing,1,API & Integrations>Payments & Billing,worksforme,63.2
TKT-013382,2024-11-01 17:33:09,Delve,Data Platform,Cannot migrate data warehouse table,"After adding a new connector, the consumer lag keeps growing. Customers see incorrect history. The schema change should be backward compatible.",dispute,P3,S2,api,customer,pro,Data,2,API & Integrations>Triage>Data Platform,resolved,147.0
TKT-017864,2024-11-02 02:43:00,Cohort,Search & Discovery,Slow performance,This is blocking our teeam on Cohort. We need an update today.,bug,P3,S3,web,internal,free,Search,1,Reporting & Analytics>Search & Discovery,resolved,34.9
TKT-015644,2024-11-20 02:43:04,Beacon,Mobile Apps,Beacon mobile: app crash fails on Android 14,"After the OTA update, the deep link opens the wrong screen. Usrs cannot use the app offline. Offline changes should sync on reconnect.",question,P4,S3,web,internal,pro,Data,0,Mobile Apps,resolved,188.3
TKT-003426,2024-11-22 11:07:38,Cohort,Data Platform,Cannot reprocess connector,"After adding a new connector, the connector is delayed by hours. Customers see incorrect history. The schema change shuold be backward compatible. Error: offset_commit_failed.",bug,P4,S4,web,customer,free,Data,3,API & Integrations>Triage>Data Platform,resolved,232.3
TKT-004926,2024-12-02 12:28:51,Cohort,Reporting & Analytics,Getting an error,It was working yesterday and now it fails on Cohort. Please investigate as soon as possible.,dispute,P4,S3,api,customer,pro,Analytics,0,Reporting & Analytics,resolved,413.8
TKT-011798,2024-12-04 22:06:57,Ember,API & Integrations,GraphQL query rejects valid payloads,"For high-volume cleints, the cursor stops advancing after page 10. The API becomes unusable at scale. Pagination should advance until exhaustion.",incident,P2,S2,email,customer,free,Frontend,3,Data Platform>Triage>API & Integrations,resolved,25.9
TKT-013501,2024-12-09 11:43:23,Ember,Onboarding & Accounts,Email verification skips a required step,New users report that the email verification skips a required step. New users abandon signup. The invite should work for 7 days.,bug,P3,S2,web,internal,pro,Accounts,0,Onboarding & Accounts,duplicate,118.2
TKT-006301,2024-12-11 23:27:56,Cohort,Search & Discovery,Autocomplete suggestions take too long to load on Cohort,"For larte tenants, the filter is dropped after pagination. Users cannot find relevant content. New documents should appear within minutes.",feature_request,P2,S2,web,customer,pro,Search,2,Reporting & Analytics>Triage>Search & Discovery,resolved,68.1
TKT-019324,2024-12-23 10:43:51,Delve,Notifications & Messaging,Bounce bounces silently,"Aftter a template change, the webhook fires without a signature. Users miss time-sensitive alerts. The webhook should be retried on failure.",incident,P3,S3,chat,internal,pro,Search,0,Notifications & Messaging,worksforme,87.4
TKT-012958,2024-12-23 12:06:36,Delve,Data Platform,The page is not working,The behavior on Delve is inconsistent and we are not sure which team should look at it.,bug,P4,S3,chat,customer,pro,Analytics,3,Reporting & Analytics>Triage>Data Platform,resolved,57.1
TKT-006623,2024-12-28 15:36:38,Cohort,Infrastructure & DevOps,Infra: DNS record leaks memory,"At peak traffic, the deployment stalls at the health check. Releases are blocked. Pods should survive a memory spike. Error: CrashLoopBackOff.",bug,P3,S3,chat,customer,free,Infra,0,Infrastructure & DevOps,resolved,158.2
TKT-007658,2025-01-13 20:23:59,Delve,Reporting & Analytics,Dashboard chart fails to export,"After a timezone change, the metric definition changed silently. Executives see inconsistent KPIs. Timezones should be applied consistently. on the new mobike shell",question,P3,S3,email,internal,free,Analytics,1,Data Platform>Reporting & Analytics,resolved,139.4
TKT-012693,2025-02-03 23:41:45,Beacon,Onboarding & Accounts,Cannot link with session token on Beacoon,Several admins report that the reset link points to an expired page. Users cannot access their accounts. The token should refresh silently.,bug,P3,S3,web,internal,free,Identity,0,Auth & Identity,resolved,66.6
TKT-001979,2025-02-20 07:52:19,Atlas,Security & Compliance,Data retention policy leaks PII after the review,The security team reports that the allowlist blocks the office range. PII is exposed in an export. Exports should mask personal data. during the multi-region failover,bug,P4,S4,web,customer,free,Accounts,2,Auth & Identity>Triage>Security & Compliance,resolved,500.9
TKT-012514,2025-02-21 01:51:37,Beacon,Mobile Apps,OTA update drains the battery,Testers report that offline changes are lost on reconnect. Crash-free sessions drop. The deep link should open the target screen. on the new mobile shell,bug,P3,S3,chat,internal,free,Mobile,0,Mobile Apps,resolved,165.3
TKT-002485,2025-02-26 02:14:31,Atlas,Payments & Billing,Atlas refund: proration credit disappears after an upgrade,"after the latest deploy, the dunning email is never sent. revenue is blocked for the affected accounts. the refund should appear within minutes.",feature_request,P2,S2,chat,internal,pro,Data,0,Payments & Billing,resolved,70.9
TKT-019813,2025-02-26 12:29:42,Ember,Payments & Billing,Reconcile falis for refund request,"Since this morning, the proration credit is applied incorrectly. Customers cannot complete purchases. The coupon should apply before tax.",question,P3,S3,chat,internal,enterprise,Search,0,Payments & Billing,resolved,194.4
TKT-004935,2025-03-07 05:46:00,Cohort,Data Platform,Data: partition fails on schema change,"Since the schema migration, the consumer lag keeps growing. Data quality checks fail. Late events shoould be deduplicated. on the new mobile shell",bug,P3,S3,web,customer,enterprise,Frontend,0,Data Platform,resolved,108.7
TKT-004172,2025-03-28 04:31:35,Atlas,Payments & Billing,CUOPON CODE NEVER ARRIVES DURING CHECKOUT,A few users noticed that the invoice is missing a tax line. Users lose trust in the billiug fow. The refund should appear within minutes. Error: invoice_total_mismatch.,bug,P3,S3,email,customer,enterprise,Billing,0,Payments & Billing,resolved,170.1
TKT-013075,2025-04-08 05:21:39,Ember,Onboarding & Accounts,Team roles fails for invited users on Ember,"Whqn creating a workspace, the profile import stalls at 90%. Activation rate drops. The invite should work for 7 days. Error: signup_validation_failed.",question,P3,S3,email,customer,free,Accounts,0,Onboarding & Accounts,resolved,124.4
TKT-008471,2025-05-14 11:20:07,Ember,Security & Compliance,Audit log blocks legitimate users,"On Ember, the audit log blocks legitimate users. The audit cannot be signed off. Exports should mask personal data.",bug,P2,S2,web,customer,pro,Accounts,0,Security & Compliance,resolved,46.9
TKT-009662,2025-05-24 06:30:26,Cohort,Search & Discovery,Query duplicate the same document on Cohort,"WHEN SEARCHING FOR A KNOWN TERM, SYNONYMS ARE NOT APPLIED TO THE QUERY. DISCOVERY CONVERSION DROPS. NEW DOCUMENTS SOHULD APPEAR WITHIN MINUTES.",bug,P4,S3,chat,internal,pro,Search,0,Search & Discovery,resolved,315.0
TKT-019207,2025-06-06 13:34:35,Cohort,Infrastructure & DevOps,CI pipeline faies during rollout in production,On-call reports that the CI pipeline fails during rollout. Releases are blocked. Alerts should page onnly on real incidents.,bug,P2,S2,api,customer,free,Infra,0,Infrastructure & DevOps,resolved,66.8
TKT-008366,2025-06-20 02:18:38,Atlas,Search & Discovery,Filter returns wrong filters,"After the reindex, synonyms are not applied to the query. Support gets repeated cannot-find tickets. Filers should persist across pages.",bug,P2,S2,email,customer,free,Messaging,0,Search & Discovery,resolved,46.2
TKT-014224,2025-07-04 20:54:48,Atlas,Web Frontend,Settings screen is blank on load on small screens,"After the redesign, the focus ring is invisible. The page feels broken on Safari. The modal should trap focus.",feature_request,P3,S2,web,internal,pro,Search,2,Search & Discovery>Triage>Web Frontend,resolved,108.5
TKT-005214,2025-07-06 10:32:47,Delve,Notifications & Messaging,Cannot throttle delivery receipt,"During peak traffic, the template variables are blank. Users miss time-sensitive alerts. The notification should arrive within a minute.",question,P3,S3,chat,customer,free,Messaging,0,Notifications & Messaging,resolved,79.1
TKT-003905,2025-07-15 13:44:25,Atlas,Onboarding & Accounts,Atlas team roles is confusing,"During signup, the profile import stalls at 90%. Activation rate drops. Signup should create exactly one workspace. with the new webhook v2",bug,P2,S2,web,customer,pro,Accounts,0,Onboarding & Accounts,resolved,54.1
TKT-017035,2025-08-05 07:56:24,Delve,Reporting & Analytics,Delve scheduled report renders an empty chart,"When comparing periods, the export times out for large ranges. Executives see inconsistent KPIs. Timezones should be applide consistently. with the revised SLA tiers",bug,P3,S3,email,automated,free,Analytics,1,Search & Discovery>Reporting & Analytics,resolved,57.4
TKT-011802,2025-08-13 22:23:00,Ember,Security & Compliance,Data looks wrong,Several users on Ember are reporting the saem problem. We could not find a workaround. with the revised SLA tiers,dispute,P4,S3,web,internal,pro,Security,0,Security & Compliance,resolved,445.9
TKT-009807,2025-08-17 02:58:05,Atlas,Auth & Identity,Log in loop with refresh token,"After a password rotation, users are bounced back to the sign-in screen. Security is at risk for affected users. The session should persist until logout.",bug,P2,S2,web,customer,free,Identity,0,Auth & Identity,resolved,65.2
TKT-010482,2025-08-20 09:48:59,Atlas,Auth & Identity,Session token error on Atlas,Several admins report that the OAuth callback drops the stte parameter. Security is at risk for affected users. The token should refresh silently. after the SSO migration,bug,P3,S3,web,customer,pro,Identity,3,Onboarding & Accounts>Triage>Auth & Identity,resolved,87.8
TKT-017603,2025-09-02 16:00:22,Beacon,Mobile Apps,App crashes on launch on Beacon,"On the latest iOS release, the app crashes in the background. Crash-free sessions drop. The app should launch within two seconds.",bug,P3,S3,web,internal,free,Mobile,0,Mobile Apps,resolved,52.4
TKT-004478,2025-09-03 16:33:15,Delve,API & Integrations,Delve OAuth scope times out,"In the sandbox environment, the cursor stoops advancing after page 10. The API becomes unusable at scle. Pagination should advance until exhaustion. Error: webhook_signature_mismatch.",bug,P4,S4,email,customer,pro,API,0,API & Integrations,resolved,308.0
TKT-001384,2025-09-04 15:27:41,Cohort,Data Platform,Something is broken,This is blocking our team on Cohort. We need an update today.,incident,P4,S4,web,customer,free,Infra,0,Data Platform,duplicate,280.5
TKT-017829,2025-09-04 17:30:55,Ember,Infrastructure & DevOps,Terraform plan is flapping,"In the production cluster, the pod is OOMKilled every few minutes. The service is partially degraded. Alerts should page only on real incidents. after the SSO migration",incident,P1,S1,chat,internal,free,Infra,0,Infrastructure & DevOps,resolved,5.8
TKT-000708,2025-09-21 14:52:36,Delve,API & Integrations,Webhook subscription breaks backward compatibility,A partner integration reports that the response truncates large arrays. The API becomes unusable at scale. Pagination should advance until exhaustion.,bug,P2,S2,email,customer,free,API,0,API & Integrations,resolved,23.9
TKT-016159,2025-09-27 05:15:21,Cohort,Reporting & Analytics,KPI double counts events for last month,"For the monthly close, the rollup is off by one day. Monthly reporting is blocked. Exports should complete for a full year. after enabling zero-trust mode",bug,P3,S3,chat,internal,free,Infra,0,Reporting & Analytics,resolved,32.3
TKT-001454,2025-09-28 00:56:38,Atlas,Security & Compliance,Getting an error,The behavior on Atlas is inconsitsent and we are not sure which team should look at it.,bug,P3,S3,web,internal,free,Security,0,Security & Compliance,resolved,166.1
TKT-018910,2025-10-04 21:30:39,Ember,Security & Compliance,Cannot revoke vulnerability scan,"During the compliance review, the export includes unmasked email addresses. The audit cannot be signed off. Exports should mask personal data. Error: audit_log_gap_detected.",feature_request,P4,S4,chat,customer,enterprise,Security,2,Infrastructure & DevOps>Triage>Security & Compliance,resolved,437.6
TKT-003015,2025-11-04 01:13:23,Ember,Onboarding & Accounts,Team roles never sends the invite on Ember,"For invited teammates, the team roles never sends the invite. Activation rate drops. Signup should create exactly one workspace.",bug,P4,S3,web,internal,pro,Accounts,0,Onboarding & Accounts,resolved,321.2
TKT-012511,2025-11-05 23:32:46,Atlas,API & Integrations,OAuth scope returns 500 for new keys,"When calling the Atlas API, the cursor stops advancing after page 10. The API becomes unusable at scale. The rate limit should match the published plan. Error: 500 Internal Server Error on GET /v1/resource.",bug,P3,S3,chat,customer,pro,API,3,Data Platform>Triage>API & Integrations,resolved,155.8
TKT-007773,2025-11-13 02:47:15,Delve,Notifications & Messaging,Resend does not deliver email notification,"On Delve, the template variables are blank. Compliance requires a working unsubscribe link. The webhook should be retried on failure.",bug,P2,S2,email,customer,pro,Search,3,Web Frontend>Triage>Notifications & Messaging,resolved,36.4
TKT-010408,2025-11-17 01:10:15,Atlas,API & Integrations,Payload schema returns 500 on Atlas,Integrators report thnt the scope is missing from the token. Clients cannot sync their data. Pagination should advance until exhaustion. after the AI assistant rollout,bug,P3,S3,web,customer,enterprise,Security,3,Notifications & Messaging>Triage>API & Integrations,resolved,135.8
TKT-003787,2025-11-18 19:14:37,Beacon,Notifications & Messaging,Cannot unsubscribe webhook,"For opted-in users, the unsubscribe link returns a 404. Transactional messages are lost. The notification should arrive within a minute. after enabling zero-trust mode",question,P3,S3,email,customer,pro,Analytics,0,Notifications & Messaging,resolved,203.5
TKT-016577,2025-12-12 23:40:35,Delve,Data Platform,Delve dedup job is delayed by hours,The pipeline reports that the dedup job is delayed by hours. Customers see incorrect hstory. The schema change should be backward compatible.,bug,P4,S4,email,internal,free,Billing,0,Data Platform,resolved,395.3
TKT-013414,2025-12-16 19:55:42,Delve,Infrastructure & DevOps,Delve secret rotation is stuck in CrashLoopBackOff,"In the production cluster, the CDN keeps serving a stale asset. The service is partially degraded. Pods should survive a memory spike. after the SSO migration",question,P2,S2,email,customer,free,API,0,Infrastructure & DevOps,resolved,12.9
TKT-007298,2025-12-20 04:05:49,Atlas,Auth & Identity,Cannot access my account,We see errors across Atlas and cannot narrow it down further. Please route to the right team. after the SSO migration,bug,P3,S2,email,customer,enterprise,Accounts,0,Onboarding & Accounts,resolved,149.5
TKT-019667,2025-12-23 01:43:59,Cohort,Web Frontend,Cannot export from theme toggle,"When the viewport is narrow, the table overflows its container. Accessibility checks fail. The layout should stay responsive. Error: hydration_mismatch.",bug,P2,S2,email,customer,pro,Frontend,0,Web Frontend,resolved,17.4
TKT-005756,2025-12-23 05:09:38,Delve,Security & Compliance,Delve vulnerability scan fails the audit,"After the vulnerability scan, the exporrt includes unmasked email addresses. The audit cannot be signed off. Exports should mask personsl data.",bug,P3,S3,web,customer,free,Data,0,Security & Compliance,resolved,169.8
TKT-019438,2025-12-28 03:08:53,Cohort,Reporting & Analytics,Analytics: funnel report fails to expoot,Analysts repoort that the same event is counted twice. Customers distrust the numbers. The chart should match the raw events.,bug,P3,S2,api,customer,pro,Analytics,0,Reporting & Analytics,resolved,210.6
